Code for Niigata,Code for Kusatsu,0.720082299823096
Code for Akita,Code for Shiga / Biwako,0.672672793996313
Code for Akita,Code for Suginami,0.667124384994991
Code for SUSONO,Code for Hachioji,0.657375735133917
Code for Shiga / Biwako,Code for Suginami,0.648203723552164
Code for Sabae,Code for Shiga / Biwako,0.643119694284408
Code for TODA,Code for NAGAREYAMA ,0.632455532033676
Code for NAGAREYAMA ,Code for Kusatsu,0.623609564462324
Code for Kusatsu,Code for Fukuoka,0.617213399848368
Code for Niigata,Code for Saga,0.617213399848368
Code for Sabae,Code for Suginami,0.614192268639994
Code for Kobe,Code for Kusatsu,0.613139339484966
Code for SAITAMA,Code for Shiga / Biwako,0.606339062590832
Code for Sabae,CODE for AIZU,0.600245047998781
Code for Mitaka / Musashino,Code for INAGI ,0.594811877479463
Code for Kusatsu,Code for Akita,0.592999453328881
Code for TODA,Code for Saga,0.591607978309962
Code for TODA,Code for Kusatsu,0.591607978309962
Code for Sabae,Code for MIKAWA,0.589767824619589
Code for Sabae,Code for Akita,0.588348405414552
Code for Kusatsu,Code for Shiga / Biwako,0.583383351196948
Code for kumagaya,Code for SAITAMA,0.583333333333333
Code for Niigata,Code for 中野,0.58025885318566
Code for Sabae,Code for Niigata,0.578351744823806
Code for MIKAWA,Code for Akita,0.57831493196624
Code for Niigata,Code for kumagaya,0.577350269189626
Code for Kusatsu,Code for Saga,0.571428571428572
Code for Kusatsu,Code for Suginami,0.571428571428572
Code for 中野,Code for Aomori,0.56980288229819
Code for Mitaka / Musashino,Code for Fuchu,0.568535243614961
Code for Sabae,Code for Nagoya,0.567774973957669
Code for Mitaka / Musashino,Code for Suginami,0.566946709513841
Code for Akita,Code for Muroran,0.566138517072298
Code for Niigata,Code for Suginami,0.565778949861004
Code for 中野,Code for Kusatsu,0.564076074817766
Code for Fuchu,Code for Saga,0.564076074817766
ハウモリ ,Code for SUSONO,0.564076074817766
Code for Niigata,Code for MIKAWA,0.56180064773359
Code for Niigata,Code for Shiga / Biwako,0.560112033611204
Code for Sabae,Code for TODA,0.559016994374947
Code for Hachioji,Code for Akita,0.558156305651438
Code for Sabae,Code for Hachioji,0.553398590529466
Code for INAGI ,Code for Fuchu,0.55337157109286
Code for Kobe,Code for Fuchu,0.55337157109286
Code for Sasayama+Tamba,Code for INAGI ,0.55337157109286
Code for Kobe,Code for Saga,0.551825405536469
Code for SUSONO,Code for Kobe,0.551825405536469
Code for Mitaka / Musashino,Code for NAGAREYAMA ,0.54997194092287
Code for Niigata,Code for TODA,0.547722557505166
Code for Sasayama+Tamba,Code for SAKE,0.544949260913066
Code for Niigata,Code for Mitaka / Musashino,0.544331053951817
Code for Hachioji,CODE for AIZU,0.54232614454664
Code for NAGAREYAMA ,Code for Kobe,0.535303379031311
Code for SUSONO,Code for NAGAREYAMA ,0.534522483824849
Code for SUSONO,Code for SAITAMA,0.534522483824849
Code for Mitaka / Musashino,Code for Aomori,0.534522483824849
Code for Niigata,Code for Akita,0.533760512683624
CODE for GIFU,Code for Nagoya,0.533113989983183
Code for Fuchu,Code for AICHI,0.532181156390174
Code for Mitaka / Musashino,Code for SAITAMA,0.530330085889911
Code for Sabae,Code for Gumyoji,0.530330085889911
Code for Niigata,Code for Nagoya,0.529812942826017
Code for Niigata,Code for INAGI ,0.529812942826017
Code for SAITAMA,Code for Fuchu,0.527644853011086
Code for Sabae,Code for INAGI ,0.527219618674978
Code for Mitaka / Musashino,Code for Hachioji,0.52704627669473
Code for TODA,Code For Kitakyusyu,0.52704627669473
Code for TODA,Code for Gumyoji,0.52704627669473
Code for TODA,Code for Akita,0.526234811584218
Code for MIKAWA,Code for INAGI ,0.526201360558434
Code for Aomori,Code for Akita,0.524142418360959
Code for Sabae,Code for Kusatsu,0.519701150387687
Code for Kusatsu,CODE for AIZU,0.518562978841732
Code for Saga,Code for Shiga / Biwako,0.518562978841732
CODE for AIZU,Code for Suginami,0.518562978841732
Code for Gumyoji,Code for SAKE,0.516397779494322
Code for Niigata,Code for Hachioji,0.516397779494322
Code for Mitaka / Musashino,Code for Shiga / Biwako,0.514495755427527
Code for SUSONO,Code for Niigata,0.51434449987364
Code for Niigata,CODE for AIZU,0.51343603081027
Code for Niigata,Code for NAGAREYAMA ,0.513200239279667
Code for Hachioji,Code for INAGI ,0.512989176042577
Code for MIKAWA,Code for Muroran,0.510753918455249
Code for SUSONO,Code for TODA,0.50709255283711
Code for MIKAWA,Code for Shiga / Biwako,0.505721737424174
Code for Aomori,Code for Suginami,0.505076272276105
Code for Aomori,Code for Kusatsu,0.505076272276105
Code for Mitaka / Musashino,Code for Kusatsu,0.50395263067897
Code for NAGAREYAMA ,Code for Aomori,0.50395263067897
Code For Kitakyusyu,Code for Aomori,0.50395263067897
Code for WAKO,Code for Aomori,0.50395263067897
Code for Gumyoji,Code for Fuchu,0.502518907629606
Code for WAKO,Code for 中野,0.502518907629606
ハウモリ ,Code for NAGAREYAMA ,0.502518907629606
ハウモリ ,Code for Gumyoji,0.502518907629606
Code for NAGAREYAMA ,Code for 中野,0.502518907629606
Code for 中野,Code for Shinagawa,0.501745206004255
Code for MIKAWA,Code for Kusatsu,0.501550391317818
CODE for AIZU,Code for Nagoya,0.500773395667191
Code for Niigata,Code for Fukuoka,0.5
Code for SUSONO,Code for Kusatsu,0.5
Code for SUSONO,Code for Saga,0.5
Code for Sabae,Code for Mitaka / Musashino,0.5
Code for Mitaka / Musashino,Code for 中野,0.497468338163091
Code for Shiga / Biwako,Code for Muroran,0.495073771488337
Code for TODA,Code for Hachioji,0.494974746830583
Code for Mitaka / Musashino,Code for MIKAWA,0.49147318718299
Code for SUSONO,Code for INAGI ,0.490511471587973
Code for Nagoya,Code for Saga,0.490511471587973
Code for INAGI ,Code for Suginami,0.490511471587973
CODE for GIFU,Code for TODA,0.489897948556636
Code for Hachioji,Code for Shiga / Biwako,0.488093530091976
Code for Mitaka / Musashino,Code for SAKE,0.486864495560148
Code for Sabae,Code for Kobe,0.486664263392288
Code for kumagaya,Code for MIKAWA,0.486533632799841
Code for Tokushima,Code for MIKAWA,0.486533632799841
Code for Sabae,Code for SAITAMA,0.486135912065751
Code for Niigata,Code for Kobe,0.485661864257183
Code for SAITAMA,Code for Akita,0.485362671697076
Code For Kitakyusyu,Code for Shiga / Biwako,0.485071250072666
Code for Gumyoji,Code for Shiga / Biwako,0.485071250072666
Code for kumagaya,Code for Shiga / Biwako,0.485071250072666
ハウモリ ,Code for Nagoya,0.484200124706252
ハウモリ ,Code for Kobe,0.484200124706252
Code for Kusatsu,Code for Fuchu,0.483493778415228
Code for SUSONO,Code for Fuchu,0.483493778415228
Code for NAGAREYAMA ,Code for Fukuoka,0.481125224324688
Code for Niigata,Code for SAITAMA,0.481125224324688
Code for Hachioji,Code for Suginami,0.478091443733757
Code for TODA,Code for Aomori,0.478091443733757
Code for Hachioji,Code for Saga,0.478091443733757
Code for Kusatsu,Code for Hachioji,0.478091443733757
Code for TODA,Code for SAITAMA,0.474341649025257
Code for Sabae,Code for Saga,0.472455591261534
Code for Hachioji,Code for Fuchu,0.471939903724269
ハウモリ ,Code for Hachioji,0.471939903724269
Code for WAKO,Code for Mitaka / Musashino,0.471404520791032
Code for Sabae,Code For Kitakyusyu,0.471404520791032
CODE for AIZU,Code for Shiga / Biwako,0.470588235294118
Code for SAITAMA,Code for MIKAWA,0.469157431628418
Code for Nagoya,Code for Muroran,0.468292905790847
Code for Sabae,Code for Aomori,0.467707173346743
Code for SAITAMA,Code for Saga,0.467707173346743
Code for SAITAMA,Code for Suginami,0.467707173346743
ハウモリ ,CODE for GIFU,0.467099366496914
ハウモリ ,Code for SAKE,0.467099366496914
Code for Niigata,Code for Fuchu,0.464207082548528
Code for Kobe,Code for Fukuoka,0.463586324972765
Code for Fukuoka,Code for Saga,0.462910049886276
Code For Kitakyusyu,Code for Akita,0.462250163521024
Code for NAGAREYAMA ,Code for Shinagawa,0.462250163521024
Code for WAKO,Code for Akita,0.462250163521024
Code for WAKO,Code for Shinagawa,0.462250163521024
Code for Tokushima,Code for Akita,0.462250163521024
Code for kumagaya,Code for Akita,0.462250163521024
Code for Hachioji,Code for SAKE,0.461880215351701
Code for Kobe,Code for Hachioji,0.461690258438319
Code for SAITAMA,Code for INAGI ,0.458831467741123
Code For Kitakyusyu,Code for Kobe,0.458831467741123
Code for SAITAMA,Code for Nagoya,0.458831467741123
Code for WAKO,Code for INAGI ,0.458831467741123
Code for Kobe,Code for SAITAMA,0.458831467741123
Code for Kobe,Code for Gumyoji,0.458831467741123
Code for Mitaka / Musashino,Code for Akita,0.457604315322429
Code for WAKO,Code for AICHI,0.457604315322429
Code for Mitaka / Musashino,Code for Shinagawa,0.457604315322429
Code for TODA,Code for Fukuoka,0.456435464587638
Code for Sabae,CODE for GIFU,0.456435464587638
ハウモリ ,Code for Fuchu,0.454545454545455
Code for SUSONO,Code for Shiga / Biwako,0.453742606486515
ハウモリ ,Code for SAITAMA,0.452267016866645
Code for SAITAMA,Code for Sasayama+Tamba,0.452267016866645
Code for SAITAMA,Code for SAKE,0.451848057057532
Code for Sabae,Code for AICHI,0.450693909432999
Code for Nagoya,Code for AICHI,0.449921270665848
Code for TODA,Code for Mitaka / Musashino,0.447213595499958
Code for Hachioji,Code for Gumyoji,0.447213595499958
Code for WAKO,Code for Hachioji,0.447213595499958
Code for SAITAMA,Code for Hachioji,0.447213595499958
Code for SUSONO,Code for MIKAWA,0.445822570060282
Code for MIKAWA,Code for Suginami,0.445822570060282
Code for kumagaya,Code for Saga,0.445435403187374
Code for WAKO,Code for Suginami,0.445435403187374
Code for kumagaya,Code for Suginami,0.445435403187374
Code for kumagaya,Code for Kusatsu,0.445435403187374
Code for NAGAREYAMA ,Code for Saga,0.445435403187374
Code For Kitakyusyu,Code for Kusatsu,0.445435403187374
Code For Kitakyusyu,Code for Suginami,0.445435403187374
Code for SUSONO,Code for Gumyoji,0.445435403187374
Code for SUSONO,Code for WAKO,0.445435403187374
Code for SUSONO,Code for kumagaya,0.445435403187374
Code for Kusatsu,Code for Gumyoji,0.445435403187374
Code for Akita,Code for INAGI ,0.445399334083044
Code for Kobe,Code for Akita,0.445399334083044
Code for Nagoya,Code for Shiga / Biwako,0.445131907259726
Code for Kobe,CODE for AIZU,0.445131907259726
Code for Kobe,Code for Shiga / Biwako,0.445131907259726
Code for Akita,Code for Saga,0.444749589996661
Code for SUSONO,Code for Akita,0.444749589996661
Code for kumagaya,Code for Kangawa,0.444444444444444
Code for NAGAREYAMA ,Code for Kangawa,0.444444444444444
Code for NAGAREYAMA ,Code for Gumyoji,0.444444444444444
Code for Sabae,Code for Shinagawa,0.441261304060914
Code for Mitaka / Musashino,Code for Saga,0.440958551844098
Code for SUSONO,Code for Mitaka / Musashino,0.440958551844098
Code for Sasayama+Tamba,Code for MIKAWA,0.440086229423352
Code for 中野,Code for MIKAWA,0.440086229423352
Code for Fuchu,Code for Shiga / Biwako,0.438763454476278
Code for SAKE,Code for Shiga / Biwako,0.438357003759605
CODE for GIFU,CODE for AIZU,0.438357003759605
Code for SUSONO,Code for Muroran,0.436435780471985
Code for Saga,Code for Muroran,0.436435780471985
Code for Aomori,Code for Fukuoka,0.436435780471985
Code for Niigata,Code for Aomori,0.436435780471985
Code for TODA,Code for Kobe,0.435285750066007
Code for TODA,Code for INAGI ,0.435285750066007
Code for 中野,Code for Fukuoka,0.435194139889245
Code for Mitaka / Musashino,Code for Kobe,0.4325904563487
Code for Kusatsu,Code for INAGI ,0.429197537639476
Code for Saga,Code for Suginami,0.428571428571429
Code for Mitaka / Musashino,Code for Sasayama+Tamba,0.426401432711221
Code for Sabae,Code for 中野,0.426401432711221
Code for Sabae,Code for SUSONO,0.425210032135381
Code for Aomori,Code for Hachioji,0.422577127364258
Code for TODA,Code for Suginami,0.422577127364258
Code for TODA,Code for Tokushima,0.421637021355784
Code for TODA,Code for kumagaya,0.421637021355784
Code for MIKAWA,Code for Fukuoka,0.421350485800192
Code for MIKAWA,Code for Hachioji,0.419627163708141
Code for Saga,Code for AICHI,0.419313934688767
Code for Aomori,Code for Shinagawa,0.419313934688767
Code for Akita,Code for Fuchu,0.418121005003545
Code for Fuchu,Code for Shinagawa,0.418121005003545
Code For Kitakyusyu,Code for MIKAWA,0.41702882811415
Code For Kitakyusyu,Code for SAITAMA,0.416666666666667
Code for SAITAMA,Code for Gumyoji,0.416666666666667
Code for Mitaka / Musashino,Code for AICHI,0.416025147168922
Code for 中野,Code for INAGI ,0.415028678319645
Code for INAGI ,Code for SAKE,0.414644214431365
CODE for GIFU,Code for Suginami,0.414039335605413
CODE for GIFU,Code for Saga,0.414039335605413
Code for Sabae,Code for Tokushima,0.412478955692153
Code for Sabae,Code for kumagaya,0.412478955692153
Code for Sabae,Code for NAGAREYAMA ,0.412478955692153
Code for Sabae,Code for SAKE,0.410791918128875
Code for Hachioji,Code for Nagoya,0.410391340834062
Code for kumagaya,Code for Muroran,0.408248290463863
Code for Tokushima,Code for Muroran,0.408248290463863
Code for SAITAMA,Code for Muroran,0.408248290463863
Code for Sabae,Code for Fukuoka,0.408248290463863
Code for Sasayama+Tamba,Code for Hachioji,0.404519917477945
Code for 中野,Code for Hachioji,0.404519917477945
Code for Gumyoji,CODE for AIZU,0.404226041727222
Code for Tokushima,Code for Shiga / Biwako,0.404226041727222
Code for Akita,CODE for AIZU,0.403603676397787
Code for 中野,Code for Suginami,0.40291148201269
Code for SUSONO,Code for 中野,0.40291148201269
Code for Fuchu,Code for Suginami,0.40291148201269
ハウモリ ,Code for Saga,0.40291148201269
Code for SUSONO,Code for Sasayama+Tamba,0.40291148201269
Code for 中野,Code for Gumyoji,0.402015126103685
Code for NAGAREYAMA ,Code for Fuchu,0.402015126103685
Code for kumagaya,Code for Sasayama+Tamba,0.402015126103685
Code for Sasayama+Tamba,Code for Kangawa,0.402015126103685
Code for kumagaya,Code for Fuchu,0.402015126103685
Code for WAKO,Code for Fuchu,0.402015126103685
Code for Akita,Code for Fukuoka,0.400320384512718
Code for Mitaka / Musashino,CODE for AIZU,0.400163365332521
Code for Niigata,CODE for GIFU,0.397523195999963
Code for Niigata,Code for SAKE,0.397523195999963
Code for TODA,Code for MIKAWA,0.395628284037472
Code for Hachioji,Code for AICHI,0.394676108688163
Code for Mitaka / Musashino,Code for Tokushima,0.392837100659193
Code for Niigata,Code for Muroran,0.392837100659193
Code for kumagaya,Code for AICHI,0.392232270276368
Code for SAITAMA,Code for AICHI,0.392232270276368
Code for MIKAWA,Code for Saga,0.390094748802747
Code for INAGI ,Code for Shiga / Biwako,0.38949041885226
Code for SAKE,Code for Fuchu,0.389249472080761
Code for SUSONO,CODE for AIZU,0.388922234131299
Code for TODA,Code for Muroran,0.387298334620742
CODE for GIFU,Code for SAITAMA,0.387298334620742
Code for Kangawa,Code for Fukuoka,0.384900179459751
Code for Niigata,Code for Gumyoji,0.38490017945975
Code for Niigata,Code for Kangawa,0.38490017945975
Code for Niigata,Code for Tokushima,0.38490017945975
Code for Niigata,Code for WAKO,0.38490017945975
Code for TODA,Code for Shiga / Biwako,0.383482494423685
Code for TODA,CODE for AIZU,0.383482494423685
Code for NAGAREYAMA ,Code for INAGI ,0.382359556450936
Code for kumagaya,Code for INAGI ,0.382359556450936
Code for kumagaya,Code for Nagoya,0.382359556450936
Code for Kangawa,Code for INAGI ,0.382359556450936
Code For Kitakyusyu,Code for INAGI ,0.382359556450936
Code for INAGI ,Code for Shinagawa,0.381770857785467
Code for TODA,Code for Sasayama+Tamba,0.381385035698237
Code for TODA,Code for 中野,0.381385035698237
Code for TODA,Code for Fuchu,0.381385035698237
ハウモリ ,Code for TODA,0.381385035698237
Code for AICHI,Code for Shinagawa,0.380749805254295
Code for Shiga / Biwako,Code for AICHI,0.380521195323595
Code for Aomori,Code for Kangawa,0.377964473009227
Code for Aomori,Code for Gumyoji,0.377964473009227
Code for Aomori,COVID-19,0.377964473009227
Code for Niigata,Code for AICHI,0.377425678048199
Code for MIKAWA,Code for Fuchu,0.377216768077159
Code for MIKAWA,Code for SAKE,0.376867331440716
Code for Niigata,Code for Shinagawa,0.373632358878537
Code for Sabae,Code for Fuchu,0.373101253622318
Code for kumagaya,Code for Hachioji,0.372677996249965
Code for NAGAREYAMA ,Code for Hachioji,0.372677996249965
Code for Kusatsu,Code for Shinagawa,0.370624658330551
Code for Suginami,Code for Shinagawa,0.370624658330551
Code for Gumyoji,Code for Akita,0.369800130816819
Code for Kangawa,Code for Akita,0.369800130816819
Code for Kangawa,Code for Shinagawa,0.369800130816819
Code for Gumyoji,Code for Shinagawa,0.369800130816819
Code for NAGAREYAMA ,Code for Akita,0.369800130816819
Code for Sasayama+Tamba,Code for Muroran,0.369274472937998
Code for Kobe,Code for Nagoya,0.368421052631579
Code for Kobe,Code for INAGI ,0.368421052631579
Code for Kobe,Code for Suginami,0.367883603690979
Code for SUSONO,Code for Nagoya,0.367883603690979
Code for Nagoya,Code for Suginami,0.367883603690979
Code for Kusatsu,Code for Nagoya,0.367883603690979
Code for Aomori,CODE for AIZU,0.366679398811284
Code for Aomori,Code for Shiga / Biwako,0.366679398811284
Code for 中野,Code for Shiga / Biwako,0.365636212063565
ハウモリ ,CODE for AIZU,0.365636212063565
Code for 中野,CODE for AIZU,0.365636212063565
Code for Hachioji,Code for Muroran,0.365148371670111
ハウモリ ,Code for 中野,0.363636363636364
Code for TODA,Code for Nagoya,0.362738125055006
Code for Sabae,Code for Muroran,0.360843918243516
Code for INAGI ,Code for AICHI,0.359937016532678
CODE for GIFU,Code for Akita,0.358057437019716
Code for SUSONO,Code for Suginami,0.357142857142857
Code for Tokushima,Code for Saga,0.356348322549899
Code for NAGAREYAMA ,Code for Suginami,0.356348322549899
Code for SUSONO,Code For Kitakyusyu,0.356348322549899
Code for Kangawa,Code for Suginami,0.356348322549899
Code For Kitakyusyu,Code for Saga,0.356348322549899
Code for Kusatsu,Code for Kangawa,0.356348322549899
Code for Tokushima,Code for Suginami,0.356348322549899
Code for Gumyoji,Code for Saga,0.356348322549899
Code for WAKO,Code for Kusatsu,0.356348322549899
Code for Tokushima,Code for Kusatsu,0.356348322549899
CODE for GIFU,Code for Kobe,0.355409326655455
Code for SAKE,Code for Nagoya,0.355409326655455
Code for Kobe,Code for SAKE,0.355409326655455
ハウモリ ,Code for AICHI,0.35478743759345
Code for MIKAWA,CODE for AIZU,0.354005216196922
Code for Sabae,Code for WAKO,0.353553390593274
Code for TODA,Code for Shinagawa,0.350823207722812
Code for Niigata,Code for Sasayama+Tamba,0.348155311911396
ハウモリ ,Code for Niigata,0.348155311911396
Code for MIKAWA,Code for Shinagawa,0.346988959179744
Code for Aomori,Code for INAGI ,0.346843987809648
Code for Kobe,Code for Aomori,0.346843987809648
Code for SAITAMA,Code for Shinagawa,0.346687622640768
CODE for GIFU,Code for Hachioji,0.346410161513775
Code for Nagoya,Code for Fuchu,0.345857231933037
Code for Kobe,Code for 中野,0.345857231933037
CODE for GIFU,Code for Kusatsu,0.345032779671177
Code for SAKE,Code for Suginami,0.345032779671177
Code for SUSONO,Code for SAKE,0.345032779671177
Code for SUSONO,CODE for GIFU,0.345032779671177
Code for Kusatsu,Code for SAKE,0.345032779671177
Code for NAGAREYAMA ,Code for SAKE,0.344265186329548
CODE for GIFU,Code for Tokushima,0.344265186329548
Code for WAKO,Code for SAKE,0.344265186329548
CODE for GIFU,Code for NAGAREYAMA ,0.344265186329548
CODE for GIFU,Code For Kitakyusyu,0.344265186329548
CODE for GIFU,Code for Gumyoji,0.344265186329548
Code for kumagaya,Code for SAKE,0.344265186329548
Code for Kangawa,Code for SAKE,0.344265186329548
Code for Aomori,Code for Fuchu,0.341881729378914
Code for Mitaka / Musashino,Code for Fukuoka,0.340206908719886
Code for Shiga / Biwako,Code for Shinagawa,0.336336396998156
Code for Kobe,Code for MIKAWA,0.334855411264458
Code for 中野,Code for Akita,0.334496804002836
Code for SAITAMA,Code for Kusatsu,0.33407655239053
Code for kumagaya,Code for Gumyoji,0.333333333333333
Code for Kangawa,SNS,0.333333333333333
Code for Tokushima,COVID-19,0.333333333333333
Code for WAKO,Code for SAITAMA,0.333333333333333
Code For Kitakyusyu,COVID-19,0.333333333333333
Code for WAKO,Code for NAGAREYAMA ,0.333333333333333
Code For Kitakyusyu,Code for Gumyoji,0.333333333333333
Code For Kitakyusyu,Code for Tokushima,0.333333333333333
Code for kumagaya,SNS,0.333333333333333
Code for Tokushima,Code for SAITAMA,0.333333333333333
Code for WAKO,Code for Gumyoji,0.333333333333333
Code For Kitakyusyu,Code for Kangawa,0.333333333333333
Code for Gumyoji,NASA Space Apps Challenge,0.333333333333333
Code for NAGAREYAMA ,COVID-19,0.333333333333333
Code for Tokushima,SNS,0.333333333333333
Code for SAITAMA,Code for Kangawa,0.333333333333333
Code for WAKO,IoT,0.333333333333333
Code for NAGAREYAMA ,Code For Kitakyusyu,0.333333333333333
Code for NAGAREYAMA ,Code for Tokushima,0.333333333333333
Code for kumagaya,SDGs,0.333333333333333
Code for Tokushima,IoT,0.333333333333333
Code For Kitakyusyu,Startup Weekend,0.333333333333333
Code for Fukuoka,Code for Nagoya,0.331133089266261
Code for Suginami,Code for Muroran,0.327326835353989
Code for Kusatsu,Code for Muroran,0.327326835353989
Code for Gumyoji,Code for AICHI,0.326860225230307
Code for TODA,Code for SAKE,0.32659863237109
Code for Toyota,Code for INAGI ,0.324442842261525
CODE for AIZU,Code for Saga,0.324101861776082
Code For Kitakyusyu,CODE for AIZU,0.323380833381777
Code for Tokushima,CODE for AIZU,0.323380833381777
Code for NAGAREYAMA ,Code for Shiga / Biwako,0.323380833381777
Code for NAGAREYAMA ,CODE for AIZU,0.323380833381777
Code for Kangawa,Code for Shiga / Biwako,0.323380833381777
Code for WAKO,Code for Shiga / Biwako,0.323380833381777
Code for 中野,Code for Saga,0.322329185610152
ハウモリ ,Code for Kusatsu,0.322329185610152
Code for Niigata,Code For Kitakyusyu,0.320750149549792
Code for Fukuoka,Code for Shinagawa,0.320256307610174
Code for Sabae,ハウモリ ,0.319801074533416
Code for Sabae,Code for Sasayama+Tamba,0.319801074533416
Code for Toyota,Code for Fuchu,0.319801074533416
Code for Akita,Code for Nagoya,0.318142381487889
CODE for GIFU,Code for Muroran,0.316227766016838
Code for TODA,COVID-19,0.316227766016838
Code for TODA,Code for Kangawa,0.316227766016838
Code for WAKO,Code for TODA,0.316227766016838
Code for Aomori,Code for MIKAWA,0.31524416249564
Code for SUSONO,Code for AICHI,0.314485451016576
Code for Suginami,Code for AICHI,0.314485451016576
Code for Kusatsu,Code for AICHI,0.314485451016576
Code for Mitaka / Musashino,Code for kumagaya,0.314269680527354
Code for Mitaka / Musashino,Code For Kitakyusyu,0.314269680527354
Code for Mitaka / Musashino,Code for Kangawa,0.314269680527354
Code for Mitaka / Musashino,Code for Gumyoji,0.314269680527354
CODE for AIZU,Code for SAKE,0.313112145542575
CODE for GIFU,Code for Shiga / Biwako,0.313112145542575
Code for 中野,Code for SAKE,0.311399577664609
CODE for GIFU,Code for Fuchu,0.311399577664609
Code for TODA,Code for AICHI,0.310086836473021
Code for Fukuoka,Code for Suginami,0.308606699924184
Code for Akita,Code for Shinagawa,0.307692307692308
Code for INAGI ,Code for Saga,0.306569669742483
Code for Tokushima,Code for Nagoya,0.305887645160749
Code for kumagaya,Code for Kobe,0.305887645160749
Code For Kitakyusyu,Code for Nagoya,0.305887645160749
Code for Gumyoji,Code for INAGI ,0.305887645160749
Code for Kangawa,Code for Nagoya,0.305887645160749
Code for Tokushima,Code for INAGI ,0.305887645160749
Code for Gumyoji,Code for Nagoya,0.305887645160749
Code for SAITAMA,CODE for AIZU,0.303169531295416
Code for SUSONO,Code for Aomori,0.303045763365663
Code for Aomori,Code for Saga,0.303045763365663
Code For Kitakyusyu,Code for Fuchu,0.301511344577764
Code for 中野,Code for SAITAMA,0.301511344577764
ハウモリ ,Code for Kangawa,0.301511344577764
Code For Kitakyusyu,Code for Sasayama+Tamba,0.301511344577764
ハウモリ ,Code for WAKO,0.301511344577764
Code for Fuchu,IoT,0.301511344577764
Code for Fuchu,SNS,0.301511344577764
Code for Sasayama+Tamba,SNS,0.301511344577764
Code for Tokushima,Code for Fuchu,0.301511344577764
Code for 中野,SDGs,0.301511344577764
ハウモリ ,FOSS4G,0.301511344577764
Code for Sasayama+Tamba,Code for Gumyoji,0.301511344577764
ハウモリ ,Code for kumagaya,0.301511344577764
Code for Kangawa,Code for Fuchu,0.301511344577764
Code For Kitakyusyu,Code for Hachioji,0.298142396999972
Code for Kangawa,Code for Hachioji,0.298142396999972
CODE for AIZU,Code for Muroran,0.297044262893002
Code for SUSONO,Code for Shinagawa,0.296499726664441
Code for Aomori,Code for AICHI,0.29649972666444
Code for Sabae,Code for Kangawa,0.294627825494395
CODE for GIFU,Code for Aomori,0.29277002188456
Code for Aomori,Code for SAKE,0.29277002188456
ハウモリ ,Code for Shiga / Biwako,0.292508969650852
Code for Fukuoka,COVID-19,0.288675134594813
Code for Tokushima,Code for Fukuoka,0.288675134594813
Code for kumagaya,Code for Fukuoka,0.288675134594813
Code for Fukuoka,SDGs,0.288675134594813
Code For Kitakyusyu,Code for Fukuoka,0.288675134594813
Code for MIKAWA,Code for Nagoya,0.287018923940964
Code for SAKE,Code for Shinagawa,0.286445949615773
Code for Akita,Code for SAKE,0.286445949615773
ハウモリ ,Code for Mitaka / Musashino,0.284267621807481
Code for Aomori,Code for SAITAMA,0.28347335475692
Code for Fukuoka,Code for AICHI,0.283069258536149
Code for INAGI ,Code for Muroran,0.280975743474508
Code for Kobe,Code for Muroran,0.280975743474508
Code for Fukuoka,Code for Shiga / Biwako,0.280056016805602
CODE for AIZU,Code for Fukuoka,0.280056016805602
Code for INAGI ,CODE for AIZU,0.278207442037329
Code for WAKO,Code for MIKAWA,0.278019218742766
Code for MIKAWA,Code for Kangawa,0.278019218742766
Code for MIKAWA,Code for Gumyoji,0.278019218742766
Code for NAGAREYAMA ,Code for MIKAWA,0.278019218742766
Code for Akita,IoT,0.277350098112615
Code for Shinagawa,SDGs,0.277350098112615
Code for kumagaya,Code for Shinagawa,0.277350098112615
Code for Akita,COVID-19,0.277350098112615
Code for Toyota,Code for AICHI,0.277350098112615
Code for Shinagawa,IoT,0.277350098112615
Code For Kitakyusyu,Code for Shinagawa,0.277350098112615
ハウモリ ,Code for INAGI ,0.27668578554643
Code for SAKE,Code for Saga,0.276026223736942
ハウモリ ,Code for Sasayama+Tamba,0.272727272727273
Code for Sasayama+Tamba,Code for Fuchu,0.272727272727273
Code for 中野,Code for Fuchu,0.272727272727273
Code for Gumyoji,Code for Muroran,0.272165526975909
Code for Kangawa,Code for Muroran,0.272165526975909
Code For Kitakyusyu,Code for Muroran,0.272165526975909
Code for Akita,Code for AICHI,0.271964146610211
Code for Kobe,Code for AICHI,0.269952762399508
CODE for GIFU,Code for MIKAWA,0.269190951029083
Code for SUSONO,Code for Tokushima,0.267261241912424
Code for Suginami,COVID-19,0.267261241912424
Code for Saga,COVID-19,0.267261241912424
Code for Gumyoji,Code for Suginami,0.267261241912424
Code for Suginami,SDGs,0.267261241912424
Code for SUSONO,Code for Kangawa,0.267261241912424
Code for Suginami,IoT,0.267261241912424
Code for Saga,SDGs,0.267261241912424
Code for Kusatsu,COVID-19,0.267261241912424
Code for SUSONO,IoT,0.267261241912424
CODE for GIFU,Code for SAKE,0.266666666666667
Code for Kangawa,Code for AICHI,0.261488180184245
Code for NAGAREYAMA ,Code for AICHI,0.261488180184245
Code for Fukuoka,Code for Fuchu,0.261116483933547
ハウモリ ,Code for Fukuoka,0.261116483933547
Code for Aomori,Code for Nagoya,0.260132990857236
Code for Hachioji,Code for Fukuoka,0.258198889747161
CODE for GIFU,Code for WAKO,0.258198889747161
CODE for GIFU,Code for kumagaya,0.258198889747161
CODE for GIFU,FOSS4G,0.258198889747161
Code For Kitakyusyu,Code for SAKE,0.258198889747161
CODE for GIFU,COVID-19,0.258198889747161
Code for Kobe,Code for Shinagawa,0.254513905190311
CODE for GIFU,Code for AICHI,0.253184841770917
Code for SAKE,Code for AICHI,0.253184841770917
Code for Aomori,Code for Tokushima,0.251976315339485
ハウモリ ,Code for MIKAWA,0.251477845384773
ハウモリ ,Code for Akita,0.250872603002127
Code for Sasayama+Tamba,Code for Akita,0.250872603002127
Code for SAITAMA,SDGs,0.25
Code for SAITAMA,SNS,0.25
Code for SAITAMA,FOSS4G,0.25
Code for SAITAMA,IoT,0.25
Code for NAGAREYAMA ,Code for SAITAMA,0.25
Code for Hachioji,Code for Shinagawa,0.248069469178417
ハウモリ ,Code for Muroran,0.246182981958666
Code for Fuchu,Code for Muroran,0.246182981958666
CODE for GIFU,Code for Mitaka / Musashino,0.243432247780074
Code for Toyota,Code for Kobe,0.243332131696144
Code for Shiga / Biwako,SDGs,0.242535625036333
CODE for AIZU,NASA Space Apps Challenge,0.242535625036333
Code for Shiga / Biwako,COVID-19,0.242535625036333
CODE for AIZU,COVID-19,0.242535625036333
Code for Shiga / Biwako,Startup Weekend,0.242535625036333
Code for WAKO,CODE for AIZU,0.242535625036333
Code for Shiga / Biwako,IoT,0.242535625036333
Code for Sasayama+Tamba,Code for Saga,0.241746889207614
Code for Sasayama+Tamba,Code for Suginami,0.241746889207614
CODE for AIZU,Code for AICHI,0.237825747077247
Code for Toyota,Code for Hachioji,0.237170824512628
Code for 中野,Code for AICHI,0.236524958395633
Code for Fukuoka,Code for Muroran,0.235702260395516
Code for Mitaka / Musashino,SDGs,0.235702260395516
Code for Mitaka / Musashino,SNS,0.235702260395516
Code for Mitaka / Musashino,IoT,0.235702260395516
Code for Mitaka / Musashino,COVID-19,0.235702260395516
Code for NAGAREYAMA ,Code for Toyota,0.235702260395516
Code for SUSONO,Code for Fukuoka,0.231455024943138
Code for Kobe,COVID-19,0.229415733870562
Code for WAKO,Code for Kobe,0.229415733870562
Code for Kobe,NASA Space Apps Challenge,0.229415733870562
Code for Nagoya,Startup Weekend,0.229415733870562
Code for INAGI ,SNS,0.229415733870562
Code for Nagoya,FOSS4G,0.229415733870562
Code for NAGAREYAMA ,Code for Nagoya,0.229415733870562
Code for INAGI ,IoT,0.229415733870562
Code for Kobe,Code for Tokushima,0.229415733870562
Code for Kobe,Code for Kangawa,0.229415733870562
ハウモリ ,Code for Aomori,0.227921152919276
CODE for GIFU,Code for Fukuoka,0.223606797749979
Code for TODA,Code for Toyota,0.223606797749979
Code for Saga,Code for Shinagawa,0.22237479499833
Code for WAKO,Code for Kangawa,0.222222222222222
Code for kumagaya,Code for Tokushima,0.222222222222222
Code for WAKO,Code For Kitakyusyu,0.222222222222222
Code for NAGAREYAMA ,Code for kumagaya,0.222222222222222
Code for Tokushima,Code for Kangawa,0.222222222222222
Code for kumagaya,Code For Kitakyusyu,0.222222222222222
Code for WAKO,Code for kumagaya,0.222222222222222
Code for Kangawa,Code for Gumyoji,0.222222222222222
Code for Sasayama+Tamba,CODE for AIZU,0.219381727238139
Code for Sasayama+Tamba,Code for Shiga / Biwako,0.219381727238139
CODE for AIZU,Code for Fuchu,0.219381727238139
Code for SAITAMA,Code for Fukuoka,0.21650635094611
Code for Mitaka / Musashino,Code for Nagoya,0.21629522817435
CODE for GIFU,Code for Shinagawa,0.21483446221183
ハウモリ ,Code for Toyota,0.21320071635561
Code for SAKE,Code for Muroran,0.210818510677892
Code for INAGI ,Code for Nagoya,0.210526315789474
Code for MIKAWA,SDGs,0.208514414057075
Code for MIKAWA,IoT,0.208514414057075
Code for MIKAWA,SNS,0.208514414057075
Code for MIKAWA,COVID-19,0.208514414057075
Code for Sasayama+Tamba,Code for Nagoya,0.207514339159822
Code for Kobe,Code for Sasayama+Tamba,0.207514339159822
Code for MIKAWA,Code for AICHI,0.204465205027383
Code for Toyota,Code for Fukuoka,0.204124145231932
Code for WAKO,Code for Sasayama+Tamba,0.201007563051842
ハウモリ ,Code For Kitakyusyu,0.201007563051842
Code For Kitakyusyu,Code for 中野,0.201007563051842
Code for 中野,Code for Kangawa,0.201007563051842
ハウモリ ,Code for Tokushima,0.201007563051842
Code for kumagaya,Code for 中野,0.201007563051842
Code for NAGAREYAMA ,Code for Sasayama+Tamba,0.201007563051842
Code for Tokushima,Code for Sasayama+Tamba,0.201007563051842
Code for 中野,Code for Tokushima,0.201007563051842
Code for INAGI ,Code for Fukuoka,0.198679853559757
Code for AICHI,Maker Faire,0.196116135138184
Code for AICHI,Call for Code,0.196116135138184
Code for AICHI,WEB,0.196116135138184
Code for AICHI,Startup Weekend,0.196116135138184
Code for Tokushima,Code for AICHI,0.196116135138184
Code for AICHI,GUGEN,0.196116135138184
Code for AICHI,SDGs,0.196116135138184
Code For Kitakyusyu,Code for AICHI,0.196116135138184
Code for AICHI,SNS,0.196116135138184
Code for AICHI,IoT,0.196116135138184
Code for Toyota,Code for Shinagawa,0.196116135138184
Code for Toyota,Code for Akita,0.196116135138184
Code for Mitaka / Musashino,Code for Muroran,0.192450089729875
Code for Niigata,SNS,0.192450089729875
Code for Niigata,SDGs,0.192450089729875
Code for Gumyoji,Code for Fukuoka,0.192450089729875
Code for Niigata,COVID-19,0.192450089729875
Code for SUSONO,Code for Toyota,0.188982236504614
Code for Toyota,Code for Kusatsu,0.188982236504614
Code for Toyota,Code for Saga,0.188982236504614
Code for Sabae,Code for Toyota,0.1875
Code for Tokushima,Code for Shinagawa,0.18490006540841
Code for 中野,Code for Sasayama+Tamba,0.181818181818182
Code for Kangawa,Code for Saga,0.17817416127495
Code for WAKO,Code for Saga,0.17817416127495
CODE for GIFU,Code for INAGI ,0.177704663327728
Code for Sasayama+Tamba,Code for AICHI,0.177393718796725
Code for Sabae,NASA Space Apps Challenge,0.176776695296637
Code for Sabae,COVID-19,0.176776695296637
Code for Sabae,SDGs,0.176776695296637
Code for Toyota,Code for SAITAMA,0.176776695296637
Code for Sabae,IoT,0.176776695296637
Code for Sabae,Startup Weekend,0.176776695296637
CODE for GIFU,Code for Kangawa,0.172132593164774
Code for Toyota,CODE for AIZU,0.171498585142509
ハウモリ ,Code for Shinagawa,0.167248402001418
Code for Mitaka / Musashino,Code for Toyota,0.166666666666667
Code for kumagaya,CODE for AIZU,0.161690416690889
Code for Kangawa,CODE for AIZU,0.161690416690889
Code for Sasayama+Tamba,Code for Kusatsu,0.161164592805076
ハウモリ ,Code for Suginami,0.161164592805076
CODE for GIFU,Code for 中野,0.155699788832305
CODE for GIFU,Code for Sasayama+Tamba,0.155699788832305
Code for Aomori,Code for Muroran,0.154303349962092
Code for WAKO,Code for Nagoya,0.152943822580374
Code for Fukuoka,Code for SAKE,0.149071198499986
Code for Tokushima,Code for Hachioji,0.149071198499986
Code for Toyota,Code for MIKAWA,0.147441956154897
Code for Toyota,Code for Muroran,0.144337567297406
Code for 中野,Code for Nagoya,0.138342892773215
Code for Niigata,Code for Toyota,0.136082763487954
Code for NAGAREYAMA ,Code for Muroran,0.136082763487954
CODE for AIZU,Code for Shinagawa,0.134534558799262
Code for Toyota,Code for Aomori,0.133630620956212
Code for Nagoya,Code for Shinagawa,0.127256952595156
Code for kumagaya,Code for Aomori,0.125988157669742
Code for 中野,Code for Muroran,0.123091490979333
Code for WAKO,Code for Toyota,0.117851130197758
Code for Toyota,Code for Kangawa,0.117851130197758
Code For Kitakyusyu,Code for Toyota,0.117851130197758
Code for Toyota,Code for Gumyoji,0.117851130197758
Code for kumagaya,Code for Toyota,0.117851130197758
Code for Aomori,Code for Sasayama+Tamba,0.113960576459638
Code for WAKO,Code for Tokushima,0.111111111111111
Code for Tokushima,Code for Gumyoji,0.111111111111111
Code for Toyota,Code for 中野,0.106600358177805
